title,desc,category,website,email,tel
jinjer 株式会社,「ジンジャー」は、人事労務・勤怠管理・給与計算などの人事の定型業務から人事評価・eラーニングといったタレントマネジメントまで、1つにまとめて管理できるクラウド型人事労務システムです。 人事情報を1つに統合した「Core HRデータベース」によって、勤怠集計からの給与計算や、社会保険手続きに関する帳票類の入力といった定型業務の効率化・自動化を支援します。 また、それぞれのシステムのデータベースがつながっているため、データベースの自動反映や役割変更に応じた各システムへの権限変更の自動化などを実現します。,"人事管理システム, 勤怠管理システム, 給与計算システム, 人事評価システム, 労務管理システム, その他 労務サービス, HRテクノロジー, その他 福利厚生サービス, 経費精算システム",https://hcm-jinjer.com/,,
株式会社 チームスピリット,"私たちTeamSpiritは、「すべての人を、創造する人に。」というミッションを掲げ、創造性豊かでイキイキと働ける持続可能な社会を創出することを目指しています。2011年にローンチした「チームスピリット」シリーズは、業務の効率化にとどまらず、AIを活用する時代においても人々を貴重な資本と位置づけ、創造的な働き方をサポートする働き方改革プラットフォームとして多くの方々にご活用いただいています。 「チームスピリット」は、使いやすいUI/UXを通じて活動データを一元的に登録し、勤怠管理、経費精算、工数管理などに活用することができます。また、これらのデータを組み合わせて分析することで企業の内部統制を実現し、働く人々に価値のある情報を提供できます。このような知的生産の促進と従業員のウェルビーイング向上の取り組みは、お客様企業の成功の源泉と考え、継続的に進化させてまいります。。現在までに約1,800社、52万人以上のお客様にご利用いただいており、「データの見える化」で、企業の内部統制強化や労働生産性向上をご実感いただいております。","HR EXPO （人事労務・教育・採用）, 社内申請・ワークフロー, その他 DX・働き方改革関連サービス, 人事管理システム, 勤怠管理システム, 労務管理システム",https://www.teamspirit.com/,mailto:mk@teamspirit.com,tel:03-4577-7510
株式会社 ユーキャン,法人従業員向けの資格取得・リスキリング支援 通信教育講座、eラーニング、研修の提供,"HR EXPO （人事労務・教育・採用）, 社員研修サービス, リスキリング支援, 職種別研修, 階層別研修, デジタル人材育成, グローバル人材育成・採用, 人材育成コンサルティング, チームビルディング支援, コーチング, その他 教育・人材育成サービス",https://www.u-can.co.jp/houjin/,mailto:sales-rep@u-can.co.jp,tel:03-3377-1181
アクアクララ 株式会社,清涼飲料水製造・宅配事業,"福利厚生 EXPO, PR EXPO",,,
株式会社 アスマーク,Humapは調査業界で20年の実績を持つアスマークから生まれたHRTechサービスです。 Humapでは「従業員総活躍」を理念に、6つのサービスを提供しています。 従業員ひとりひとりが”自分らしく”活躍できる、そんな環境づくりをしたい方はぜひお立ち寄りください。 ①在席管理＆コミュニケーション活性化ツール「せきなび」 ②コンプライアンス＆ハラスメント対策「CHeck」 ③従業員満足度調査「ASQ」 ④オンラインサンクスカード「Smileボーナス」 ⑤業務効率化「RPA-Work's HR」 ⑥モチベーション管理「Pulsign」,"HR EXPO （人事労務・教育・採用）, テレワーク・ハイブリッドワーク支援, その他 DX・働き方改革関連サービス, エンゲージメントツール, 職種別研修, 階層別研修, オンボーディングツール, 従業員エンゲージメント向上, 従業員意識調査, コミュニケーションツール, 離職防止, その他 福利厚生サービス, 従業員エンゲージメント",,,
AME&Company 株式会社,離職対策、エンゲージメント、多様性の促進など人的資本の課題に対して、「HR pentest」は従業員との対話（面談）を活用することで、個人の悩み事も組織の課題もデータドリブンに分析することが可能なシステムです。 自社にどんな課題があって、どんな施策を打つべきか、をデータに基づいて意思決定したい企業様におすすめです。,"HR EXPO （人事労務・教育・採用）, その他 DX・働き方改革関連サービス, HRテクノロジー, ピープルアナリティクス, エンゲージメントツール, その他 採用サービス, 従業員エンゲージメント向上, 従業員意識調査, コミュニケーションツール, 離職防止, 従業員エンゲージメント",,,
EAGLYS 株式会社,EAGLYSは、秘密計算とAI設計技術によって、様々なインダストリーデータの活用を促進しています。 「秘密計算を中心としたセキュアコンピューティング技術」を生かしたデータセキュリティ/データ利活用サービス、「AIアルゴリズム設計・解析技術」によるAI開発/解析サービスを提供。 人事領域向けソリューション「EAGLYS Bianca」は、従業員の機微な情報であるために活用が難しいとされてきたHRデータに「秘密計算」を適応して分析することで、働く人の「真実」に基づく持続可能な人的資本形成を支援するプロダクトです。 創業より研究・社会実装を続けてきた「秘密計算」など各種技術を応用して、安全に労力をかけることなく、働く人にまつわる機微なデータの活用を加速させます。信頼性の高いデータを得ることで、洞察を得る仕組みを提供します。 （HP：https://eaglys.co.jp/about-us/）,"HR EXPO （人事労務・教育・採用）, HRテクノロジー, チームビルディング支援, オンボーディングツール, 従業員エンゲージメント向上, 離職防止",,,
イージーソフト 株式会社（ハーモス経費）,イージーソフト株式会社は、2000年の設立以来、経費精算領域の専門企業として20年以上の実績を有する経費精算システムのパイオニアです。 「HRMOS経費」は、社内で発生する交通費精算や立替経費精算、請求書処理の効率化を実現するサービスです。基本プランに豊富な機能を搭載しており、申請者、承認者、経理担当者の業務負荷を大幅に削減し、経理DXを促進します。電子帳簿保存法・インボイス制度に完全対応しています。 2022年3月より株式会社ビズリーチの子会社となり、2022年11月より「HRMOS」シリーズとして「HRMOS経費」の提供を開始し、更に使いやすいサービスの開発や、サポート体制の拡充を推進しています。 ■「HRMOS（ハーモス）」シリーズについて ビズリーチが提供する、採用から入社後の活躍までの人事業務支援と従業員情報の一元化・可視化により、データに基づく人財活用を実現するサービスです。経費精算システム「HRMOS経費」、勤怠管理システム「HRMOS勤怠」、労務給与管理システム「HRMOS労務給与」、採用管理システム「HRMOS採用」、人財活用システム「HRMOSタレントマネジメント」、を展開しています。,"HR EXPO （人事労務・教育・採用）, 会計・財務 EXPO, 勤怠管理システム, 経費精算システム",,,
Wevox（ウィボックス）,アトラエは、「世界中の人々を魅了する会社を創る」というビジョンを掲げ、2017年にWevoxサービスを開発しました。 Wevoxは、エンゲージメントの測定と向上を支援する組織力向上プラットフォームです。 このサービスは、組織のカルチャーや個人のパーソナリティ特性を可視化し、組織のパフォーマンスを高めるための様々なプロセスや活動をサポートします。 「自分の組織は自分たちの声でつくる。そんな組織づくりを信じています」 私たちは、あなたが活き活きと働くことが世界を変えると信じています。 あなたのチームや組織は、あなた自身の声だからこそ作り続けられるのです。 自分たちの声に耳を傾け、その声をもとに変革を実現することができるからです。 もちろん、自分たちで組織やチームを作り上げることは簡単なことではありません。 だからこそ、私たちはあなたと共に伴走し、チームが「組織力」を自ら高め続けられるようサポートしてきました。 活き活きと働くあなたが持つエネルギーや可能性、そのような人が集うチームから生まれるアウトプットが、あなた自身も、あなたの周りも豊かにしていくと信じています。 Wevoxは、「私たちの声で組織を良くしていこう」というメッセージを込めたサービスです。 私たちと一緒に、自分たちの声から始まるチームづくりを進めていきましょう。,"働き方改革 EXPO, HR EXPO （人事労務・教育・採用）, 健康経営 EXPO, 特別企画 中小企業支援ワールド, テレワーク・ハイブリッドワーク支援, チャットボット・ナレッジ共有, その他 DX・働き方改革関連サービス, HRテクノロジー, ピープルアナリティクス, エンゲージメントツール, 社員研修サービス, チームビルディング支援, オンボーディングツール, 従業員エンゲージメント向上, 従業員意識調査, コミュニケーションツール, 離職防止, メンタルヘルスケア/ストレスチェック, 従業員エンゲージメント",,,
株式会社 Willings,インド工科大学全23校から企業にマッチするエンジニアをインターンシップ経由で採用が可能です。採用支援だけではなく、永続的な同校からの採用ルートを確立し、AI、データサイエンス、ブロックチェーンなどの最先端IT技術領域を得意とする人材確保に今後困らない体制作りを支援させていただきます。 インターンシップ中にも弊社スタッフが並走し、コミュニケーションの活性化、異文化理解、雇用体制の整備を推し進めます。また外国人IT人材の入社時に負担となる、各種来日手続きや来日後の生活立上げなどのサポートも全てワンストップで対応いたします。,"HR EXPO （人事労務・教育・採用）, ハイクラス人材採用, 採用代行・コンサルティング, 外国人雇用サポート, その他 採用サービス",,,
株式会社 ソリューション・アンド・テクノロジー,人事・経理・総務業務のERPソリューション「WiMS/SaaS」を提供しています。コンサルティングから初期設定支援、運用開始後のアドバイザリーまで一貫した自社体制でSaaS提供を行い、大手企業の多様な働き方・DXを強力にサポートしています。 HRソリューションに加え、同シリーズ内で会計フロント機能もラインナップしておりますので、バックオフィス全体最適化に向けた段階的な機能拡張が可能です。経理業務も含めた業務改革・DX推進に貢献いたします。 1995年の設立以来、人事・会計分野のERP導入コンサルティングを手掛けてきたSOLTYは、業務効率化から全体の最適化へと進化する企業のニーズに、クオリティ重視のソリューションサービスで対応してまいります。,"HR EXPO （人事労務・教育・採用）, 社内申請・ワークフロー, 人事管理システム, 勤怠管理システム, 人事評価システム, 労務管理システム, 会計システム, 経費精算システム, 請求書の電子化",,,
株式会社Mimosa,HR Shorts は、人事/採用向けの動的コンテンツの作成および配信ができるシステムです。 インナーブランディング（エンゲージメント向上、Wellbeing、DX、社内広報、公募等）や、アウターブランディング（採用、社外広報等）において、企業が伝えたい情報をショート動画で魅力的に発信することができる新しいサービスです。 例えば ①「絶対採用したい」と考えるキーマン採用において、 特別な体験・動画コンテンツを簡単に作成することができ、スカウト返信率や内定承諾率向上に寄与します。採用競争力がより一層求められる昨今において、上質な採用体験を実現します。 ②社内の情報階層が深く、発信をなかなか見つけてもらえない＆読み切ってもらえない。。という企業様には、ビジュアルで訴求する、情報伝達の入り口としてショート動画が最適です。 他にも、 スカウト返信率を上げたい／内定承諾率を上げたい／辞退率を下げたい／情報の理解促進に繋げたい／申込み数を上げたい／等。 人事の皆様の取り組みに寄与するようにという思いで、人事/採用経験者が開発したサービスとなります。 ぜひ貴社の人事/採用活動がより良くなるよう、HR Shortsをご活用ください！,"HR EXPO （人事労務・教育・採用）, 福利厚生 EXPO, 総務サービス EXPO, PR EXPO, その他 オフィス向けサービス, BPO（業務代行）サービス, HRテクノロジー, 採用代行・コンサルティング",,,
エデン 株式会社,,HR EXPO （人事労務・教育・採用）,,,
株式会社エフアンドエム,オフィスステーションは、株式会社エフアンドエム（東証スタンダード：4771）が提供するアラカルト型 人事労務クラウドソフトです。株式会社エフアンドエムは「サービスの水道哲学」の実現を目指し、あらゆる事業者のバックオフィス業務を改善することを使命としています。,"HR EXPO （人事労務・教育・採用）, 勤怠管理システム, 労務管理システム, 従業員エンゲージメント",,,
株式会社 FCE,"4600社以上の企業様の人財育成、研修、組織作りの支援をしてきたFCEが提供する社員教育プラットフォーム「Smart Boarding」。 研修・人事コンサルティング会社が提供するからこそのコンサルティングサポートで、eラーニングツールにとどまらず、企業の人事課題、組織課題を解決に導きます。 ﻿昨対160％成長、継続率99％、研修満足度94％、利用者数40,000人突破BOXIL SaaS award　ｅラーニング部門で8部門中5部門で第1位を獲得！ その他、評価制度構築支援、新入社員、管理職層研修など、幅広くご対応が可能です。","HR EXPO （人事労務・教育・採用）, 社員研修サービス, 人材育成コンサルティング",,,
株式会社 M-ITコンサルティング,■コンサルタント業(クライアント企業の事業推進に向けた、組織や人財の改善・育成) 1.リサーチ／調査診断（組織診断、人財診断等）による現状解析 2.コンサルティング／戦略構築、組織構築、人事制度改革等 3.トレーニング（研修）／管理層開発プログラム、キャリア開発プログラム、OJT推進プログラム等,"HR EXPO （人事労務・教育・採用）, 社員研修サービス, 階層別研修, 人材育成コンサルティング, その他 教育・人材育成サービス",,,
株式会社 エルテス,,PR EXPO,,,
株式会社 オトバンク,"「audiobook.jp 法人版」は、ビジネス書や自己啓発書を中心に15,000点以上ものタイトルを全て音声で好きなだけ聴くことができる法人向けのオーディオブック聴き放題プランです。通勤中や家事中、就寝前など、耳のスキマ時間に音声を再生するだけで読書ができるため、学習のハードルがぐっと下がります。 日本の人事部「ＨＲアワード2022」で優秀賞を受賞するなど人材育成のツールとして高く評価され、現在130社以上にご導入いただいています。 当プランでは経営者や人事のおすすめ書籍や、社内報・研修などのオリジナル音源を社員に配信できる「社員専用ブックリスト」のほか、社員のコンテンツ視聴状況を見える化できる「利用状況レポート」など、当プラン限定の機能も提供しています。 さらに、導入企業向けに毎月のセミナー開催や、社員の課題スキルや職種別におすすめ書籍を公開するなど、初心者の利用や継続学習を促すサポートもしています。","HR EXPO （人事労務・教育・採用）, 社員研修サービス, リスキリング支援, デジタル人材育成, その他 教育・人材育成サービス",,,
株式会社 openpage,弊社は、デジタルリクルーティングプラットフォーム「DRP」を提供しています。候補者との緊密なデジタルタッチポイントを設け、面接から内定、入社に至るまでの候補者体験を革新します。 「候補者専用ページ」では、面接のアジェンダや議事録をリアルタイムに共有し、候補者との認識のズレを防ぎます。また、画面共有機能で面接記録を作成し、議事録の作成工数を削減します。 内定後は、「デジタルタスクガイド」で入社手続きをデジタル化し、進捗状況を可視化。マニュアルコンテンツとタスクを連動させ、候補者へのガイダンス工数を削減します。候補者ごとの対応状況やエンゲージメントをリアルタイムで把握し、内定辞退リスクを回避します。 さらに、入社後の教育にも対応。体系的なオンボーディングプログラムをデジタルで提供し、早期戦力化を支援します。 DRPは、候補者体験を重視した選考プロセスを実現し、優秀な人材の獲得と定着を可能にします。,"HR EXPO （人事労務・教育・採用）, 採用管理システム, 採用ツール作成",,,
株式会社 カオナビ,"株式会社カオナビは、社員の個性・才能を発掘し、戦略人事を 加速させるタレントマネジメントシステム「カオナビ」を提供しています。 企業の人材情報をクラウド上で一元管理し、社員の顔や名前、 経験、評価、スキル、才能などの人材情報を可視化することで、 最適な人材配置や抜擢といった戦略的なタレントマネジメントの 実現を支援しております。 現在では3,600社を超える企業・団体にご利用いただき、国内No.1シェアを獲得しています。 タレントマネジメントシステムのリーディングカンパニーとして、 「“はたらく”にテクノロジーを実装し、個の力から社会の仕様を 変える」というパーパスの下、テクノロジーによって一人ひとりの 個性や才能を理解することで、個人のキャリア形成や働き方が 多様化される社会の実現を目指してまいります。 また、労務管理システム「ロウムメイト」や予実管理システム「ヨジツティクス」も新たに提供開始！","HR EXPO （人事労務・教育・採用）, 人事管理システム, 人事評価システム, 労務管理システム, 従業員エンゲージメント向上, 離職防止, 予実管理システム",,,
株式会社 KAKEAI,「あなたがどこで誰と共に生きようとも、あなたの持つ人生の可能性を絶対に毀損させない。」をパーパスに掲げる株式会社KAKEAIは、日本企業で初めて世界のHR テクノロジースタートアップ30社に選出されるなど、“次のHR tech “企業として、新規性や実績を高く評価されています。1on1支援クラウドKakeai（カケアイ）は、2023年3月現在、世界43カ国でご利用いただいており、国内においては、従業員数名の企業から数万人の企業、病院、学校、保育園、介護施設、飲食店等、あらゆる組織、あらゆる職種の皆様へご提供しています。,"HR EXPO （人事労務・教育・採用）, テレワーク・ハイブリッドワーク支援, HRテクノロジー, ピープルアナリティクス, エンゲージメントツール, 従業員エンゲージメント向上",,,
株式会社カケハシ スカイソリューションズ,採用成功支援（新卒・キャリア）、社員戦力化のための研修・教育支援、定着・離職防止サービスをワンストップで提供しています。のべ1万社以上の実績があり、そこで培ったコンサルティング力だけでなく、クリエイティブ、デジタルを組み合わせた独自のソリューション設計に強みがあります。,"HR EXPO （人事労務・教育・採用）, 社員研修サービス, 階層別研修, 人材育成コンサルティング, 採用ツール作成, ハイクラス人材採用, 採用代行・コンサルティング",,,
株式会社ココナラ,株式会社ココナラは、個人が持つスキルや知識を活かしてオンラインでサービスを売り・買いできるスキルマーケット「ココナラ」を運営しています。 さらに、エンジニア・デザイナーなどのテック人材を業務委託で紹介する「ココナラテック」、手間のかかる日常業務や、1人雇うほどではない専門業務などを、フルリモートの優秀なアシスタントにまるっとお任せできる月額制サービス「ココナラアシスト」、ココナラが契約主体となりハイクラス実名クリエイターを紹介する「ココナラプロ」、オーダーメイドの参画方式で経営や各分野の専門人材に依頼・相談できる「ココナラコンサル」の4事業を展開しています。 全ての企業さまが、最適な人材を、最適な方法で活用できるように、あらゆるサービスをご提供しています。,"働き方改革 EXPO, HR EXPO （人事労務・教育・採用）, 会計・財務 EXPO, 法務・コンプライアンス EXPO, 総務サービス EXPO, PR EXPO, 健康経営 EXPO, 名刺作成, BPO（業務代行）サービス, その他 DX・働き方改革関連サービス, 人材派遣, その他 採用サービス, その他 経理・財務・税務サービス, 広報業務支援サービス",,,
株式会社 リーディングマーク,「ミキワメ」とは、①人の性格を明らかにする【適性検査機能】と②心の幸福度（ウェルビーイング）を可視化する【エンゲージメントサーベイ機能】を併せ持つサービスです。 企業ごとで異なる採用の人物像を明らかにし、自社で活躍する人材を見定めることができるツールです。社員の性格データを元とした自社独自の採用基準が作成できるため、候補者のおすすめ度が表示され、採用すべき人材かの判断に役立ちます。,"HR EXPO （人事労務・教育・採用）, 人事管理システム, HRテクノロジー, エンゲージメントツール, 採用管理システム, 健康管理システム",,,
Guidable株式会社,弊社は『外国人採用を当たり前に』をバリューに掲げて、 日本に住む外国人に特化した214カ国23万人が登録する国内最大級の求人サービスを運営しております。 登録者の方は、永住者 / 定住者 / 配偶者の在留資格を中心とした 就労の制限のない方なので、正社員・アルバイトを問わず色々な職種で採用可能です。 外国人採用のプロがサポートさせていただくので、安心してご利用頂けます。 【サービス内容】 ◎求人掲載→登録者23万人の在留外国人に特化した国内最大級の求人媒体に掲載 ◎集客（独自プロモーション）→Facebook広告などで能動的に集客(全国平均応募数15名/月) ◎一次選考→スクリーニングと同時にミスマッチを防げる,"HR EXPO （人事労務・教育・採用）, 外国人雇用サポート",,,
Ｒｅ就活（株式会社学情）,会員数230万人の「20代向け転職サイト6年連続No.1・20代専門転職サイト〈Ｒｅ就活〉」（2019年～2024年 東京商工リサーチ調査 20代向け転職サイト 第1位）や、会員数40万人の「オリコン顧客満足度(R)調査 学生満足度3年連続No.1・スカウト型就職サイト〈あさがくナビ（朝日学情ナビ）〉」（※2022年～2024年 オリコン顧客満足度(R)調査 逆求人型就活サービス 就活支援コンテンツ 第1位）を軸に、業界で唯一20代の採用をトータルにサポートする大手就職・転職情報会社です。 また日本で初めて「合同企業セミナー」を開催し（自社調べ）、合同企業セミナーのトップランナーとして、20代来場数No.1の「20代・30代対象の合同企業セミナー〈転職博〉」（2020年 自社調べ 転職イベントにおける20代来場数 第1位）や、新卒学生対象・合同企業セミナー来場数No.1「合同企業セミナー〈就職博〉」（2023年 東京商工リサーチ調査 新卒学生対象・合同企業セミナー 来場数 第1位）を運営。,"HR EXPO （人事労務・教育・採用）, 採用管理システム, 採用ツール作成, 採用代行・コンサルティング, その他 採用サービス",,,
企業年金連合会,年金給付事業（通算企業年金等）、会員支援事業（政策提言、研修、セミナー、機関紙、書籍、ホームページ作成、事例相談、企業年金管理士資格認定）、私的年金制度普及事業（投資教育サービス、海外調査、企業年金導入支援）、共同運用事業、企業年金プラットフォーム事業、企業年金ネットワーク事業、企業年金スチュワードシップ推進協議会、企業年金向け各種情報提供など,"HR EXPO （人事労務・教育・採用）, 福利厚生 EXPO, その他 教育・人材育成サービス, その他 福利厚生サービス",https://www.pfa.or.jp/,mailto:pfa-edu@pfa.or.jp,
株式会社 キッズスター,キッズスターは「子どもの夢中を育てます」というミッションのもと、子ども向けプロダクトを企画・開発・運営している会社です。 社会体験アプリ「ごっこランド」をはじめ、様々なプロダクトを通じてこれまでに100社以上の企業様のファミリー向けマーケティング・ブランディングを支援してまいりました。 子どもに寄り添ったプロダクトを徹底して作り続けることで、 子ども達が夢中になる体験を創出していきます。 社員一人ひとりがプロダクト愛に溢れており、子どもたちが自分の好きなこと・得意なことを見つけ、将来につながるような流れを作り出すといった想いをもって、日々様々な挑戦をしています。,"PR EXPO, その他 教育・人材育成サービス, 従業員エンゲージメント向上, 従業員エンゲージメント, 広報業務支援サービス",,,
株式会社KiteRa,企業向け規程マネジメントシステム【KiteRa Biz】を提供しております。 KiteRa Bizとは、社内規程の作成・編集・管理・共有・申請の一連のプロセスを統合管理するシステムです。 統合管理することで各プロセスの業務を効率化し、企業のガバナンス向上を実現します。 展示ブースでは実際にKiteRa Bizのデモ画面をご覧いただけます。ぜひお気軽にお立ち寄りください。 株式会社KiteRaはテクノロジーの力で安心して働ける世界を実現し、より豊かな社会を創造することを目指しています。 「安心して働ける」ためには、働き方のルールや仕組みが正しく整っていることが必要です。 私たちはテクノロジーの力で社内規程の作成や運用をカンタンにし、より多くの企業が適切な社内ルールを通じて、企業の、そして働く人の生産性を高めていきます。,"HR EXPO （人事労務・教育・採用）, その他 オフィス向けサービス, その他 DX・働き方改革関連サービス, その他 労務サービス, HRテクノロジー, その他 法務向けサービス",https://kitera-cloud.jp/,,tel:0345002438
KING OF TIME,"株式会社ヒューマンテクノロジーズは「人事生産性をお客様と共に考える。」をコンセプトに2001年創立以来、クラウドコンピューティングをベースとし、業務システムと生体認証技術を融合した製品サービスを提供して参りました。お手持ちのPCとインターネットだけで簡単で高度な勤怠管理を行うクラウド勤怠システム「KING OF TIME」は、勤怠クラウド市場シェアNO.1*の実績を持ち、導入企業数56,000社、利用ID数3,349,000IDを達成（2024年7月時点）。多岐にわたる人事・労務の作業効率化とコスト削減を実現します。*出典：富士キメラ総研「ソフトウェアビジネス新市場 2023年版」勤怠管理ソフトSaaS市場 利用ID数 2022年度実績","HR EXPO （人事労務・教育・採用）, テレワーク・ハイブリッドワーク支援, 人事管理システム, 勤怠管理システム, 給与計算システム, 労務管理システム, その他 労務サービス, その他 セキュリティ製品・サービス",,,
KEYENCE CORP.,キーエンスは1974年の会社設立以来、FA（ファクトリー・オートメーション）用センサをはじめとする高付加価値商品を通じて、生産現場の生産性・品質向上に貢献して参りました。 自動車、半導体、電子・電気機器、通信、機械、化学、薬品、食品など、製造業のあらゆる分野において30万社以上のお客様にお取引いただいております。,"働き方改革 EXPO, HR EXPO （人事労務・教育・採用）, オフィス防災 EXPO, 福利厚生 EXPO, 会計・財務 EXPO, 法務・コンプライアンス EXPO, 総務サービス EXPO, AI・RPA（業務自動化）ツール",,,
株式会社 ギフティ,giftee for BusinessはWebサービス、ゲーム、教育、銀行、クレジットカード、保険、自動車、不動産、人材、携帯通信など、様々な業界でご利用いただいており、累計導入件数は1万件以上にのぼります。 キャンペーンの施策はもちろん、誕生日のお祝いから永年勤続表彰まで幅広いシーンで従業員エンゲージメントを高める福利厚生・ギフト施策をご提供しています。 関連サイト：https://giftee.biz/purposes/employee_benefit/ またユーザー自身が好きな商品を自由にえらべる「giftee Box」では、コンビニやカフェ、ファッションからレジャーまで幅広いシーンのギフトを取り揃えています。 ▼3分でわかる！「giftee for Business」とは https://docs.giftee.biz/business/downloads/gifteeforBusiness_3minutes.pdf ▼ギフト利用目的や業界別に検索できる！実現したいことが見つかる事例サイト https://giftee.biz/cases/ お問い合わせ・ご相談はこちら：https://giftee.zendesk.com/hc/ja/requests/new 公式サイト：https://giftee.biz/,"HR EXPO （人事労務・教育・採用）, 福利厚生 EXPO, 健康経営 EXPO, コーポレートギフト, 従業員エンゲージメント向上, 福利厚生ギフト, 育児・介護支援, エンタメ, 従業員エンゲージメント",,,
株式会社 Techouse,"Techouseは国内1,000万人以上が従事する製造業を中心に、アナログな産業をデジタル化する会社です。現在はトヨタ, ホンダ, デンソーなど国内を代表する企業が利用しており、サービスの利用ユーザーは年間500万人にも上ります。",HR EXPO （人事労務・教育・採用）,,,
glassy　株式会社,glassy株式会社はインナーブランディング活動を中心に戦略提案を行うことで、企業が目指すありたい姿へと導くクリエイティブカンパニーです。下記 3 領域をソリューションとし、クライアント企業のブランド力の最大化とインナーコミュニケーションの活性化をトータルで支援しています。 01) コーポレートブランディング事業・・・付加価値の高い制作ツールの提供（社内報、記念誌、周年誌、カルチャーブック、コーポレートサイト、採用パンフレット など） 02)コミュニケーションTech事業・・・人と組織の間に新しいコミュニケーション機会を提供（WEB社内報システムの開発・提供 など） 03)イベントプロデュース事業・・・ぐっと来る”瞬間”と、大切なものを共有する”空間”の提供（キックオフイベント、社員総会、表彰イベント、周年記念イベント など）,"PR EXPO, 広報業務支援サービス, 社内広報支援サービス",,,
株式会社グローアップ,新卒向けダイレクトリクルーティングシステム『キミスカ』運営,"HR EXPO （人事労務・教育・採用）, その他 採用サービス",,,
株式会社 グロース X,人材育成サービスの「グロースＸ」は、業績向上に繋がるまでを考え抜いて創ったサービスです。 磨きあげた網羅的マーケティングカリキュラムと、チャット形式というユニークなe-ラーニングを筆頭に、学びを実践につなげる体験作りまでを大切に磨き、ワンストップで皆さまに届けています。 今後のビジネス環境においてマーケティングの重要度は上がっていきます。 特定の専門領域にとどまらず、顧客体験全般、ビジネス全般を作るために無くてはならない役割ですが、激動の時代に顧客の変化を素早くつかみ、 仮説検証を回せるかは、将来の成否のカギとなるでしょう。 現場の力がアップすると、必ず業績アップに繋がります。 コンサルティング支援で多くの企業の業績を伸ばしてきた、人材育成、組織作りのノウハウをお届けします。,"HR EXPO （人事労務・教育・採用）, 社員研修サービス, リスキリング支援, 職種別研修, デジタル人材育成",,,
株式会社 グロービス,"株式会社グロービスは、1992年の設立以来、30年以上企業研修に向き合ってきた知見や、国内最大規模のビジネススクール「グロービス経営大学院」の運営によって培ったノウハウをもとに、「GLOBIS 学び放題」や「GLOPLA LMS」などのサービスを展開しています。 「GLOPLA LMS」は、6,700社超の研修実績をもとに設計されたUI/UXで、快適な研修設計と受講体験をお届けする学習管理システム（Learning Management System）です。直感的に操作できるデザインとこだわりぬかれた機能により、集合研修や動画学習、e-Learning などさまざまな研修の一元管理を実現します。グロービスならではの知見を活かし、企業の人事担当者の業務フローに合わせた最適な研修運用・導入計画のサポートを提供。これにより、研修を企画・運営する人事担当者は、従来、研修運営のオペレーション業務に使っていた時間を大幅に削減することができます。また、研修を受講する社員は、スマートフォンやタブレットなどデバイスを問わずアクセスすることができ、いつでも快適に学習することが可能です。","HR EXPO （人事労務・教育・採用）, 人事管理システム, HRテクノロジー, 社員研修サービス, その他 教育・人材育成サービス",,,
株式会社 ケイズコーポレーション,■ケイズのサービス 最新のクラウド技術を利用した各種アプリケーションサービスを、提案から稼働後のご支援まで、システムの入口から出口まで、お客様のニーズに合わせたサービスを提供しております。 スピード重視の簡易導入から、大規模な開発を要する複雑なご要件、稼働後の活用向上など、まずはお気軽にお声がけください。 ■Salesforce導入支援 ＜将来も陳腐化しない業務システムを＞ Salesforce® が世界中で採用されている理由。 それはビジネス環境やIT環境の変化にすばやく対応できる柔軟性にあります。 当社ではコンサルティングから運用保守までのワンストップ体制を活かし、 お客様からの改善要求や機能追加のご要望に対応。ご希望であれば改善提案もおこない、システムのさらなる強化を図ります。,"HR EXPO （人事労務・教育・採用）, その他 DX・働き方改革関連サービス, 人事管理システム, 人事評価システム, HRテクノロジー, ピープルアナリティクス, 採用管理システム, 離職防止",,,
株式会社 コングレ・グローバルコミュニケーションズ,当社は、MICE業界のリーディングカンパニー、株式会社コングレのグループ会社です。 ISO基準に適合した安心の品質体制と、熟練したコーディネーターによる迅速で細やかな対応が特長の翻訳サービス。 高度な通訳スキルときめ細かなアレンジ力で「コトバ」をつなぐをモットーに数多くの国際舞台や多様なビジネスシーンにおいて、通訳のサービスを提供してきた通訳サービス。 イベント対応のエキスパートが、説明会やイベントの会場手配から企画立案、運用・運営までを一手に引き受け、ライブ配信や動画配信、オンライン・オフラインを問わず、イベント対応をトータルサポートするイベントサービス。 各サービスをシームレスにお客様とつなぎ、みなさまのプロジェクトの成功をサポートします。,"PR EXPO, グローバル人材育成・採用, 人材派遣, 従業員エンゲージメント, 広報業務支援サービス, 社内広報支援サービス, IR支援サービス",,,
三協立山 株式会社,三協立山は植物工場プラントメーカーとして、業界トップの生産能力を持った栽培設備と圧倒的な栽培技術力、衛生管理や生産管理などの工場運営ノウハウ、ネットワークを活かした販路紹介で、不採算要因を取り除いた植物工場運営を支援しています。合わせて、誰もが働きやすい職場づくり、障がい者雇用、ストレス軽減の観点から癒しの場として、小型水耕栽培ユニットも提案しています。,"HR EXPO （人事労務・教育・採用）, 障がい者雇用",,,
サンクスラボ 株式会社,サンクスラボは障がい者雇用の課題を解決する「サテラボ」を提供している企業です。 法定雇用を満たせない企業への支援や、人材確保・育成の困難を解消するためのサービス、日々の管理負担を軽減する支援、さらには仕事提供に関する業務切り出しの提案まで、障がい者の雇用に関するあらゆるニーズにワンストップで対応しています。,"HR EXPO （人事労務・教育・採用）, BPO（業務代行）サービス, 障がい者雇用, 従業員エンゲージメント向上",,,
Sansan 株式会社,Sansan株式会社は「出会いからイノベーションを生み出す」をミッションとして掲げ、働き方を変えるDXサービスを提供しています。主なサービスとして、営業DXサービス「Sansan」や名刺アプリ「Eight」、インボイス管理サービス「Bill One」、契約データベース「Contract One」を国内外で提供しています。,法務・コンプライアンス EXPO,,,
株式会社XAION DATA,「AI×DATAで世界中の価値を最大化する」をミッションに、世界中のデータ価値を見出し、最大化する仕組みを提供することで、人の幸福への寄与及び社会への貢献を実現します。 AI×DATAを技術基盤とし、データの構造化・統合AI技術（特許取得済み）の研究開発を行い、HR領域や営業領域などでAI/データ活用ソリューション・サービスを提供しています。 「AUTOHUNT」は、既存の登録型採用サービスとは異なり、転職サービス等に登録されていない非登録ユーザーをウェブ上のさまざまな公開データを活用してプロファイルを生成し、検索・アプローチができる採用プラットフォームです。 780万人を超えるプロファイル情報と500万社以上の企業情報を統合し、従来のクローズ型の採用データベースでは見つからなかった人材を、人・企業の双方の検索条件から横断的に検索することが可能で、情報が一元化されているため、従来手作業で実施する必要があった検索工数も大幅に削減できます。,"HR EXPO （人事労務・教育・採用）, ハイクラス人材採用",,,
株式会社シェイク,株式会社シェイクは、人材育成トータルソリューションを提供する会社です。 私たちは、研修会社ですが、研修だけで人は変わらないと思っています。 研修はあくまでもきっかけに過ぎません。大切なのは、研修で学んだこと、 気づいたことをいかに職場で実践するか。人は、自らの行動によって得た経験に よってのみ変わることができます。 もちろん、研修の品質にもどこよりもこだわっていると自負していますが、 私たちが何よりも大切にしたいのは、「それで本当に人が変わるのか？」という問いに 対する答えです。 弊社の強み ①企業様にとってベストなソリューションをご提案 弊社が販売したい商品をご提案するのではなく、人材育成施策の目的を お客様と一緒に考え、各企業様の状況や受講者の特徴も踏まえながら最適な プログラムを提供します。 ②研修前後を含めて行動変容のトータルデザイン 研修で理解して終わりではなく、職場での行動変容を目指して、研修の前後を 含めた行動変容のトータルデザインをご提案します。 ③成長への意思を醸成する内省へのこだわり いくら研修で行動変容の必要性を訴えたり、スキルを伝えても、 本人が心から変わりたいと思わなければ職場での行動を変えることは難しいです。 シェイクは、研修前後を含めたさまざまな仕掛けを通して受講者の内省を深め、 変わりたいという意思を醸成することにこだわっています。,"HR EXPO （人事労務・教育・採用）, 社員研修サービス, 階層別研修, 人材育成コンサルティング, チームビルディング支援, その他 教育・人材育成サービス",,,
株式会社 識学,識学は、経営者・マネージャー・部下、すべての社員が無駄なストレスなく、自らの役割に集中できる組織を作り上げ、成果をあげる為のマネジメント理論です。これにより自己成長を促進し、組織と社員に、よりよい未来と成長をもたらします。 人が物事を認識し、行動に至るまでの思考の働きを5つの領域で説明しています。人はそれぞれ過去の経験や知識によって、その人特有の「思考の癖」を持ちます。この思考の癖によって、事実に対する認識にズレが生じ、これが誤解や錯覚となります。この誤解や錯覚こそが、組織運営に問題をもたらす原因となります。 識学は、思考の癖に紐づく誤解や錯覚の発生要因を特定し、これを発生させないためのマネジメント手法を体系化させたものです。 ルール作成や役割定義表の作成サポートや評価制度構築など組織と個人を成長拡大させるための仕組みづくりをサポートさせていただきます。,"HR EXPO （人事労務・教育・採用）, 人事評価システム, 社員研修サービス, 階層別研修, 人材育成コンサルティング, その他 教育・人材育成サービス",,,
SysEvo,SysEvo（システム・エボリューション株式会社）は、ITサービス業、主にソフトウェアの開発を行っております。 Web系の技術者を中心に、金融系システムから通信ネットワーク分野、組込系開発など幅広い分野の開発をしております。 システムの導入に向けたコンサルティングから、開発・保守・運用に至るまでトータル的なITコーディネートが可能です。 自社開発商品としては、企業と内定者のコミュニケーションをサポートするSNS型クラウドサービス『縁～AnySEE～』の販売を行っており、多くの企業様の人事担当の方よりご好評いただいております。 一方、教育事業も展開しております。 新入社員研修や社員のリスキリングに活用できる動画サービス『エボテック』は、当社公式キャラクターの「エボタロウ」が講師となり、わかりやすい解説のマイクロラーニング動画で学ぶことができる、ITエンジニア育成サービスです。 さらに『エボテック』を活用しつつ弊社講師が直接指導を行うオンライン研修『エボテックスクール』も開講しております。自社開発商品はその他にも、子供向けプログラミング学習ツールや高校向け「情報Ⅰ」学習コースもございます。 また、展示会などでお客様にアンケートに答えていただき、その結果を集計・管理できるアンケートアプリ『Q*A（キュア）』の新規販売を予定しております。,"HR EXPO （人事労務・教育・採用）, 人事管理システム, 社員研修サービス, リスキリング支援",https://sys-evo.co.jp/,mailto:lists-product-support@sys-evo.co.jp,tel:03-6262-5930
株式会社 　シスプロ,"シスプロは""仕組みをプロデュースする""総合アウトソーシング企業です。勤怠管理、電子給与明細、電子請求書・給与前払などのsaasやシステム、総務業務、経理業務といったバックオフィスのアウトソーシングや、様々なBPO事業、RPAや人材サービスといった、世の中の変化に即した企業運営に必要な、多岐に渡るサービスをDX戦略に基づき提供しており、これらサービスを組合せることでお客様の生産性向上に大きく貢献しております。","HR EXPO （人事労務・教育・採用）, BPO（業務代行）サービス, AI・RPA（業務自動化）ツール, 人事管理システム, 勤怠管理システム, その他 労務サービス, 請求書の電子化",https://hybridbpo-syspro.net/,mailto:y.takeyama@syspro.co.jp,tel:03-6664-9048
株式会社 JSH,『就労意欲のある障がい者に、もっと働ける機会と場を提供できる社会へ』 地方の障がいのある方にとって、民間企業への就労機会は非常に限られた状況にあります。地方においては雇用義務のある企業が都市部に比べて圧倒的に少ない事がその要因です。都市部と地方の絶望的な就労機会の格差を解消するために、私たちは精神科医療の専門的なバックグラウンドに加え、作業療法士や精神保健福祉士、ジョブコーチ等の専門的な知見と経験を活かし、「雇用を実現したい企業」と「働く意欲のある障がいのある方」の双方に対して、合理的配慮に基づいた職場と就労のための最適な支援をご提供いたします。,"HR EXPO （人事労務・教育・採用）, 採用代行・コンサルティング, 障がい者雇用",,,
株式会社 JITSUGYO,「採用アニメーションによる採用支援」 年間400本以上の実績。顧客満足度95％。人事担当者による10分間のプレゼンよりも、3分のアニメーションが約22%記憶効果が高いことが実証。 「より多くの人に伝えるためのYoutube広告運用」 「国家資格キャリアコンサルタントによる根本解決コンサルティング」,"HR EXPO （人事労務・教育・採用）, 採用ツール作成",,,
株式会社 Ex-Work,Job-Us（ジョブアス）は、生成AIによるジョブディスクリプション作成や、職務評価・職務給運用、職務と人材のFit＆Gap分析など、ジョブ型組織に必要な要素を、テクノロジーの力で実現します。,"HR EXPO （人事労務・教育・採用）, HRテクノロジー",https://job-us.exwork.jp/,mailto:info@exwork.jp,
デフィデ 株式会社,【JOB Scope】は、成長に特化した唯一の人事サービスです。新卒一括採用、年功序列、終身雇用などを特徴とする日本の古い人事制度はメンバーシップ型と呼ばれます。右肩上がりの経済では機能していましたが、昨今では問題点も指摘され、欧米流のジョブ型雇用が導入されるようになりました。しかし、海外の形をそのまま持ち込んでも、日本企業にはそぐわない点が多くあります。そこで私たちは、メンバーシップ型の利点も取り入れ、昇華した日本版ジョブ型人事制度を構築しました。公正で透明性が高く、多様性を受容し、自律した個人を育成する組織は、人材市場で強い組織。すなわち、重要な企業価値になるのです。 人事コンサルティングサービス【JOB Scope Model】では、日本企業に求められる職務を中心とした人事の仕組みを「戦略×人事×メソッド×コンサルティング×クラウド」の掛け算から企業の人事の型を体系的に導きます。現状（As is）とあるべき姿（To be）を定義し、経営戦略を人事戦略に落とし込み、成長に最適化した人事制度を設計します。 人事クラウドサービス【JOB Scope】では、【JOB Scope Model】で構築した人事のモデル（型）を制度設計し、具現化します。日本版ジョブ型人事制度を前提とした管理システムに個別の事業や職務を適用し、スムーズな運用サポートを実現します。,"HR EXPO （人事労務・教育・採用）, 人事評価システム",,,
株式会社 ジンジブ,株式会社ジンジブでは、能力をまだまだ軽視されている人財層を発掘する事業をドメインとし「採用・教育・定着」に貢献する事業を行っています。 〇高校生向け求人サイト「ジョブドラフトNavi」 〇高校生のための合同企業説明会「ジョブドラフトFes」 〇高校生へのキャリア教育支援「ジョブドラフトCareer」 〇高卒人材をメインとした若年層の転職サポート「ジョブドラフトNext」,"HR EXPO （人事労務・教育・採用）, 採用ツール作成, 採用代行・コンサルティング",,,
GVA TECH 株式会社,私たちGVA TECH株式会社は、「法律」と「すべての活動」の垣根をなくすことを使命とし、AIやクラウドを活用した法務支援ツールを提供することで、企業の法務部門が抱える課題を解決し、業務の効率化を図ります。 主なサービスには、法務案件管理やAI契約書レビュー、AI契約書管理理ステムが含まれ、これにより法務案件管理、これにより契約書の作成、レビュー、管理が一元化されるだけでなく、リスクの可視化と予防も実現します。 さらにスタートアップ企業向けの法務支援にも力を入れており、成長段階にある企業が直面する法的課題に対して、適切なソリューションを提供します。GVA TECHのサービスは、法務の専門家だけでなく、経営者や他のビジネスパーソンにも利用されており、全ての企業活動が法律とシームレスに統合される未来を目指しています。 以上のように、GVA TECHは、法律とテクノロジーを融合させることで、法務業務の効率化と革新を推進し、企業の成長を支援するパートナーとしての役割を果たしています。,"法務・コンプライアンス EXPO, 契約書作成・確認サービス, 契約書管理システム, その他 法務向けサービス, その他 知財向けサービス, ハラスメント対策支援",https://gvatech.co.jp/,mailto:lts.biz@gvatech.co.jp,tel:03-6274-8260
TUNAG（ツナグ）,TUNAG（ツナグ）は、組織のエンゲージメント向上と業務効率化を目的とした、社内向けの情報共有サービスです。高いカスタマイズ性が特徴で、各企業の組織課題に応じた施策の設計・運用・改善が可能です。また、導入から活用まで、専任スタッフによる支援が提供されるため、スムーズな運用が実現します。 スマートフォンでも手軽に利用できるため、PCやメールアドレスを持たない現場スタッフやアルバイトを含む全従業員が利用可能です。社内掲示板やチャット、タスク管理、サンクスカードなど、豊富な機能を通じて情報共有を円滑にし、コミュニケーションの活性化と業務プロセスのデジタル化を推進します。 さらに、理解度テストや日報、マニュアル管理など、業務に直結した機能を提供するとともに、福利厚生クーポンの発行などで、普段から使っていただきやすい設計になっています。 また、エンゲージメントサーベイ機能を通じて、組織状態を可視化・分析し、組織の現状把握や経営戦略の改善に役立てることができます。 TUNAGは業種業界問わず活用いただいておりますが、飲食業、小売業、運送業、製造業、介護業などノンデスクワーカーの多い企業で特にご利用が多く、現在900社以上、100万人以上のユーザーに活用されています。,"HR EXPO （人事労務・教育・採用）, 社内申請・ワークフロー, グループウェア・社内SNS・ビジネスチャット, 人事管理システム, オンボーディングツール, 従業員エンゲージメント向上, 従業員意識調査, コミュニケーションツール, 離職防止, 福利厚生ギフト",,,
株式会社 スピークバディ,AI英会話アプリ「スピークバディ」の企画・開発・運営。オンライン英語コーチング「スピークバディ パーソナルコーチング」の企画・運営。英語学習者の悩みにプロの英語コーチが回答するQ&Aサイト「スピークバディ 英語学習Q&A」の運営。AI英会話「スピークバディ」および「スピークバディ パーソナルコーチング」の法人向け提供。,"HR EXPO （人事労務・教育・採用）, リスキリング支援, グローバル人材育成・採用",,,
株式会社 SmartHR┃労務管理もタレントマネジメントも（HREXPOに出展！）,主な機能 ▼労務管理 入社手続き・雇用契約 給与明細 文書配付 年末調整 ▼従業員データベース 組織図 名簿 申請・承認機能 ▼タレントマネジメント 採用管理 人事評価 配置シミュレーション キャリア台帳 スキル管理 学習管理 従業員サーベイ 分析レポート HRアナリティクス ▼従業員ポータル IdP,"HR EXPO （人事労務・教育・採用）, 社内申請・ワークフロー, その他 DX・働き方改革関連サービス, 人事管理システム, 人事評価システム, 労務管理システム, その他 労務サービス, HRテクノロジー, ピープルアナリティクス, エンゲージメントツール, 社員研修サービス, リスキリング支援, コーチング, 採用管理システム, 従業員エンゲージメント向上, 従業員意識調査, 離職防止, メンタルヘルスケア/ストレスチェック, 産業医サービス, 従業員エンゲージメント, その他 健康経営サービス",,,
sonar ATS|Thinkings 株式会社,"採用管理システムsonar ATSをはじめとした、人材の獲得から活用まで一気通貫で対応可能なプラットフォーム「sonar HRテクノロジー」を運営しています。 新卒・中途を一元管理するsonar ATSは、採用業務のデジタル化を通じて、各種オペレーションの自動化や、データ分析による効率化を実現。採用担当者の業務負荷を大幅に削減します。1,800社以上が利用する採用管理システムの決定版です。","HR EXPO （人事労務・教育・採用）, 採用管理システム",,,
株式会社 TAO Partners,"人材開発・組織開発の専門企業として、生成AIなどのデジタル技術やゲーミフィケーションを活用した、イマーシブ研修を始めとした独自の人材開発ツールを製作・提供。組織コンサルティング事業でグローバル企業の要求に応える中で生まれたオリジナル研修コンテンツを、人事や経営企画を始めとして、研修会社や講師の方々にもご提供し、などの研修コンテンツとしてご利用いただいております。また、大手グローバル企業を中心としたクライアントに対し、次世代リーダー育成などの人材開発戦略立案やテーラーメイド研修、理念・方針の展開、新規事業立案サポートといった支援を提供しております。【※イマーシブ(没入型)研修 ＝ ""ストーリー""の登場人物となり自ら考え行動する中で実践力を鍛える形式のプログラム】","HR EXPO （人事労務・教育・採用）, 社員研修サービス, 職種別研修, 階層別研修, デジタル人材育成, グローバル人材育成・採用, 人材育成コンサルティング, チームビルディング支援, オンボーディングツール, 従業員エンゲージメント向上, 離職防止, 従業員エンゲージメント",,,
株式会社tayo,株式会社tayoはアカデミアの情報交流の促進と、アカデミックキャリアの多様化を目指す会社です。 広範な研究業界の人材ネットワークを用いて、・研究者人材のご紹介・研究者のスカウトサービスの提供・研究者の副業マッチング・産学連携・オープンイノベーションのサポート・ベンチャー企業のハンズオンのサポート・起業支援プログラムの運営などを行っています。,"HR EXPO （人事労務・教育・採用）, ハイクラス人材採用",,,
第一法規 株式会社,1. 加除式法規書の出版・販売 2. 学術書、実務書の出版・販売 3. 専門雑誌の出版・販売 4. デジタル商品の企画・販売 5. 特別受注出版物等の編集・印刷 6. 地方公共団体の地域施策に関する調査事業,"法務・コンプライアンス EXPO, 労務管理システム, 社員研修サービス, 職種別研修, 階層別研修, 契約書作成・確認サービス, 契約書管理システム, ハラスメント対策支援, コンプライアンス研修",,,
株式会社 チェンジ,"弊社は、日本の労働人口の減少を背景にした企業の生産性革新を支えるべく「Change People, Change Business, Change Japan」というミッションのもと、「人や組織」の変革を支援しております。 今回出展いたしますNext Learning eXeprience(人材育成事業部)では、企業の人財育成制度設計コンサルティング、研修・設計開発・運営サービス、デジタル人材育成ソリューションを提供しております。","HR EXPO （人事労務・教育・採用）, 社員研修サービス, リスキリング支援, 職種別研修, 階層別研修, デジタル人材育成, 人材育成コンサルティング, チームビルディング支援, コーチング, その他 教育・人材育成サービス",,,
中京テレビ放送株式会社,私たちは、愛知・岐阜・三重を放送地域とする日本テレビ系列のテレビ局「中京テレビ」の新規事業開発チームです。55年に渡り、テレビやイベントを通じて培ってきたコンテンツ開発力と、グループ会社「アクアリング」のWEB制作力を掛け合わせて、企業の課題をエンタメで解決するサービスを各種取り揃えております。 昨年の11月には、集客に苦戦する合同就職説明会をメタバースでアップデート。「メタバースで、楽しく、タイパよく」をテーマにしたメタバース就職フェア「メタイパ就活」を開催しました。 さらに、採用活動の根本的課題である母集団形成を「分散型メディア」の発想で支援する「採用TV」は、SNSやYouTube、TikTokといった外部メディアで学生との接点を作り、採用サイトへの流入を増やす施策を提案いたします。 そして、研修会社との協業で開発したRPG型研修サービス「社員クエスト」は、メタバースのゲーム性と匿名性を活用して、心理的安全性の高い環境下で研修を実施することのできるシステムとなっております。デモ空間もご覧いただけますので、ぜひお気軽にお立ち寄りください！,"HR EXPO （人事労務・教育・採用）, 社員研修サービス, 職種別研修, 階層別研修, チームビルディング支援, その他 採用サービス, 従業員エンゲージメント向上",,,
TSUISEE,提供するアプリケーションはTSUISEE（ツイシー）。私たち自身はMaxwell's HOIKORO（マクスウェルズ　ホイコーロー）と言います。いわゆるデータサイエンス技術を用いた、HRテック分野のスタートアップ企業です。 しかし私たちは同時に、株式会社Consulente HYAKUNENとしてコンサルティングを行うチームでもあります。正確には、大手シンクタンクにて企業の変革・成長支援を多数行ってきたメンバーと、人材育成を通して地方創生に取り組む人材、社会的課題解決に従事する研究者、経営学者からなるコンサルファームです。 経営学だけでなく、脳科学、心理学、哲学、歴史、などさまざまな分野の理論・知見とデータ解析技術をもとに、大・中規模企業を中心にした幅広い組織・団体に対し、全社変革や事業創造、人材・組織創りを行っています。 企業変革の実践経験と分野横断の学術的知見を同居させ、それらを駆使することから、変革を確実に実現へと近づけることに取り組んできました。,"HR EXPO （人事労務・教育・採用）, HRテクノロジー, ピープルアナリティクス, エンゲージメントツール, 社員研修サービス, 職種別研修, 階層別研修, 人材育成コンサルティング, その他 教育・人材育成サービス",,,
株式会社 ティーズブレイン,私たちティーズブレイングループは、人材・組織・環境を「その企業らしく」活性化させるお手伝いをし、お客様の事業課題の解決とともに企業価値(ブランディング)向上に貢献できる会社です。お客様企業の「らしく働く」を追求し、企業と社員の皆様の幸福と豊かさを最大限に実現するために一緒に伴奏し続けます。 　事業課題の解決のためには、経営が目指す人・組織・環境のあるべき姿を明確にし、これからの働き方コンセプトを実現できるオフィス環境とセットで具体化する必要があります。これからの働き方を具現化できる「オフィス構築・移転事業」、これからの働き方コンセプトを形骸化させないPMVVの浸透、働く環境や機能性(DX)向上＆業務プロセス改革、人材・組織の能力開発・制度構築を行う「CXかえる事業」、採用ブランディングや離職予防を行う「HRひらく事業」という全体最適な事業フォーメーションでご支援します。,"働き方改革 EXPO, HR EXPO （人事労務・教育・採用）, その他 DX・働き方改革関連サービス, オフィスデザイン・移転・コンサルティング, 社員研修サービス, 階層別研修, 人材育成コンサルティング, チームビルディング支援, コーチング, その他 教育・人材育成サービス, 従業員エンゲージメント向上, 従業員意識調査, 離職防止",,,
株式会社 テイ・デイ・エス,テイ・デイ・エスは、創業45年目を迎えるデザイン・ファームです。 約110名の社員の9割はクリエイターです。 「Strategic design and Creative logic―デザインに戦略性を、ロジックに創造性を」を スローガンに掲げ、デザインの力でお客様の課題解決に貢献します。 これまで数々の大型プロジェクトに取り組んできたプロジェクト遂行力、45年分のデザインメソッド、サービス開発や課題発掘といった上流工程からの伴走力を武器に、エンドユーザーへのブランド体験をクライアントと共創しながら適切に企画・設計します。,"PR EXPO, 従業員エンゲージメント向上, コミュニケーションツール, 広報業務支援サービス, 社内広報支援サービス",,,
株式会社 テックオーシャン,"『TECH OFFERは企業が本当に求める理系学生に出会える採用ツール』 TECH OFFERは、企業と理系学生間のマッチングを、高精度かつ効率よく実現するダイレクトリクルーティングツールです。学生自身が入力する表向きなプロフィールだけではなく、全国約40,000の研究室・教員情報、約1,000,000の技術キーワードに基づいてマッチングを行うため、今までに出会えなかった学生と出会うことができます。 TECH OFFERで解決できること 01 学生からの知名度が低い企業でもアプローチ・学生獲得が可能です 02 母集団形成にかけている工数を削減できます 03 企業イメージとギャップがある職種・事業領域でも学生にリーチできます","HR EXPO （人事労務・教育・採用）, 採用管理システム, ハイクラス人材採用",,,
寺田倉庫株式会社,1950年創業の寺田倉庫は、従来の倉庫業の概念をさらに深化させ「モノだけではなく、価値をお預かりする」という理念に基づき、機密文書の保管を軸に、お客様の働く環境をより良くするお手伝いをしております。 現在2500社を超えるお客様とお取引させていただいており、長期にわたりお客様とパートナーシップを築いている実績もございます。,"法務・コンプライアンス EXPO, 機密文書処理サービス, BPO（業務代行）サービス, テレワーク・ハイブリッドワーク支援, 契約書管理システム",,,
株式会社 DYM,当社では自社内で開発チームを保有しており、Indeed内のアルゴリズムを独自のシステムで解析することで、より精度の高い運用を行うことが可能です。WEBプロモーション事業と人材事業でトップクラスである当社だからこそ、Indeedの運用に携わる全てのことを社内で行うことができます。また、クライアントの採用プロモーションをトータルで請け負っており、クライアントの採用活動においての改善点をシステム部分から提案することが可能です。 Indeed代理店の中で、唯一の人材事業とWEB広告事業のノウハウを持っている という強みを使い、クライアントの採用活動の業績改善に助力してまいります。,"HR EXPO （人事労務・教育・採用）, 採用代行・コンサルティング",,,
東京都　こどもスマイルムーブメント,こどもスマイルムーブメントは企業・NPO・学校など幅広い主体と東京都が連携して、「子供を大切にする社会」をつくるプロジェクトです。参画企業・団体の取組をホームページや公式SNSアカウントでの発信等を通じ、社会全体で「子供を大切にする」気運の醸成を目指しています。また、コラボレーションを支援するため、参画企業・団体同士の交流会等を開催しています。,PR EXPO,,,
TOMAコンサルタンツグループ 株式会社,「どんな課題もチカラを合わせて越えていく」　　　　　　　　　　　　　　　　　　　　　　　　　　　　　　　　　　　　　　　　 ◆TOMAのワンストップコンサルティング　　　　　　　　　　　　　　　　　　　　　　　　　　　　　　　 各分野の専門家がそろうワンストップ体制という強みを生かし 専門分野の垣根を越えて企業の課題を総合的に解決する”ワンストップコンサルティング”。 100年企業創りのためにTOMAグループの総力を結集し一丸となって課題解決に取り組みます。　　　　　　　　　　　　　　　　　　　　　　　　　　　　　　　　　　　　　　　　　　　　　　　　　　　　　　　　　　　　　 ◆200名の専門家集団がワンストップでサポート　　　　　　　　　　　　　　　　　　　　　　　　　　　　　 私たちは税理士、公認会計士、社会保険労務士、ITコンサルタント、中小企業診断士、行政書士など、 様々な分野の専門家が総勢２００名揃った専門家集団です。 日本一多くの１００年企業を創り続けるというビジョンのもと、皆様の経営課題の解決に向け サポートいたします。,"HR EXPO （人事労務・教育・採用）, 会計・財務 EXPO, BPO（業務代行）サービス, 社内申請・ワークフロー, AI・RPA（業務自動化）ツール, 勤怠管理システム, 給与計算システム, その他 労務サービス, 会計システム, 経費精算システム, 会計コンサルティング, 財務コンサルティング, 事業承継・M＆Aサポート, その他 経理・財務・税務サービス",,,
株式会社 日本コンサルタントグループ,<日本コンサルタントグループの強み＞ お客様ごとの特性、すなわち商習慣、組織風土・文化を把握するとともに、そこから発生する複雑な問題に対してお客様にあったソリューション（解決）を提供するために、「真に役立つコンサルティング」を常に研究しています。 １）企業経営の基盤である「人材」に焦点を当てたコンサルティング 企業のビジョンや戦略に合致した人材育成輩出するための制度やしくみを構築し、能力開発のための教育プログラムの構築やトレーニングを通して、企業の目標達成のサポートをします。 ２）業界に精通した専門コンサルタントが現場の課題に対応 業界研究所を設置し、業界特性に適応した専門性の高いコンサルティングサービスを展開し、課題に対応しています。 ３）全国の営業拠点と60年以上の実績でクライアントを支援 地域特性や地域ごとのニーズをとらえるための全国の営業拠点と、60年以上の実績による数多くのクライアントに対する成功事例、豊富な経験でクライアントへ支援しています。,HR EXPO （人事労務・教育・採用）,,,
NewsPicks,個人・法人向けにさまざまなサービスを展開 メディア・プラットフォーム事業を起点に、コミュニティの運営、専門家ネットワーク事業、企業向けの人材育成・新規事業支援など、複数の事業・サービスを展開しています。 経済情報（コンテンツと人の知見）の力で、誰もがビジネスを楽しめる世界を目指します。,"HR EXPO （人事労務・教育・採用）, リスキリング支援, デジタル人材育成, その他 教育・人材育成サービス, コミュニケーションツール",https://newspicks.com/,,
株式会社 ネオキャリア,,"HR EXPO （人事労務・教育・採用）, 採用代行・コンサルティング",,,
株式会社 ネットラーニングホールディングス,株式会社ネットラーニングホールディングスは、ｅラーニング最大手のネットラーニング、女性活躍やダイバーシティの推進を支援するwiwiw、グローバルタレントの育成を強力にサポートするPhoenix Consultingをはじめとするグループ会社の、戦略的かつ機動的な事業推進と運営を目的として設立されました。ネットラーニンググループ共通の大規模で多機能なプラットフォームを基盤として、新たな価値を創造し、より付加価値の高いサービスを提供するために、「人・組織・教育」をキーワードとして未来を切り拓く人材の育成と創出をめざしています。 中でもオープンバッジ事業は、人材育成、活用の在り方を大きく変革する新たな社会システムを構築する事業です。日本政府もオープンバッジの普及促進を後押ししており、大学、企業のみならず、すべての教育機関や自治体までを巻き込み、大きなムーブメントが起こると予想されています。そのなかで、当社のプラットフォームが発行しているオープンバッジは既に１万種類を超え、アジア最大の規模を誇っています。また、当社では開発当初からブロックチェーン技術を採用したオープンバッジを発行しており、証明内容の改ざん防止や生涯を通じた保有を保証するなど、バッジに強固な堅牢性を付与しております。今後もこうした先進技術を活用した信頼性と利便性の高いサービスを継続してまいります。,"HR EXPO （人事労務・教育・採用）, 人事管理システム, 人事評価システム, HRテクノロジー, リスキリング支援, デジタル人材育成, その他 教育・人材育成サービス, その他ITサービス",,,
ハイマネージャー株式会社,弊社では企業の離職を防ぎ成果を高めるため、①人事制度設計支援、②人事評価運用・マネージャー支援クラウド「HiManager提供」、③人事評価運用業務支援、④マネージャー向け研修及び伴走支援を提供しております。一気通貫で支援することで、クラウドを入れるだけで解決しないお客様の全ての課題を弊社が支援させて頂いております。,"HR EXPO （人事労務・教育・採用）, 人事評価システム, ピープルアナリティクス, エンゲージメントツール, 階層別研修, 従業員エンゲージメント向上",https://himanager.me/,mailto:contact@himanager.jp,tel:03-6820-0326
株式会社 ハイヤールー,HireRoo は、ITエンジニアの採用を効率化するコーディング試験プラットフォームです。 職務経歴書だけではわからないITエンジニアのスキルを可視化することで、採用のミスマッチを “ゼロ” にします。,"HR EXPO （人事労務・教育・採用）, 人事評価システム, HRテクノロジー, リスキリング支援, 採用管理システム, ハイクラス人材採用",,,
HR University,【サービス概要】 HR Universityは1日5分から網羅的・体系的に人事・マネジメント・ビジネス基を学べる『伴走型』総合研修プラットフォームです。 【特長】 ①1回5分で学べる実務直結の学習講座：隙間時間を有効活用し、いつでもどこでも学べます。 ②自社講座登録機能で学習の一元管理・分析：LMS機能により、貴社独自の教材も効率的に管理できます。 ③修了テストで学習の理解度を確認：貴社オリジナルのテストも作成可能で意味のある学習を促します。 ④サーベイ機能で行動変容を可視化：研修の効果を可視化し、研修改善と行動変容を促します。 ⑤充実の管理分析機能：受講状況や分析結果を簡単に可視化でき、思い通りに分析・研修改善が容易です。 ⑥専属のCSが徹底的に支援：受講マップ作成やアウトプットの機会を提供するなど、研修活用まで伴走します。 【説明】 HR Universityは、研修制度が整っていない企業や研修運用・学習習慣の醸成に課題のある企業にお喜びいただいております。人と組織を活性化させるビジネス知識を身近なものにし、職種・年齢・経験の枠組みを超えてチーム、組織、ビジネスパーソンを成長させるプログラムを提供します。内定者・新卒、人事、マネージャー、ミドルシニア層、経営者、誰もが効率的に学べる網羅的なカリキュラムで、人材不足が深刻な現代において人的資本の最大化と組織活性化の鍵となります,"HR EXPO （人事労務・教育・採用）, 社員研修サービス, 階層別研修, デジタル人材育成, 人材育成コンサルティング, オンボーディングツール",,,
株式会社 HataLuck and Person,エンゲージメント測定・店舗マネジメントツール「はたLuck」の開発と販売 ・店舗サービス業の店舗の業務効率化コンサルティング,HR EXPO （人事労務・教育・採用）,,,
株式会社 Hubble,Hubbleは、契約書業務における法務・事業部のコラボレーションで生産性を向上する契約DXツールです。 ・やりとりが煩雑 ・最新版の管理が面倒 ・過去の経緯が分からない ・期限管理ができていない ・契約書が見つからない これら全部、Hubbleで解決できます。 契約にまつわるコミュニケーションをHubble上で一元化することで無駄なやりとりや「管理のための管理」がなくなり、法務部門の生産性向上、事業部門の契約リードタイムの短縮、全社的なガバナンスの強化に繋がります。 サービス利用継続率は、99%。 Hubble は法務部門はもちろん、事業部門も含めた会社全体の契約業務フローに定着する本質的な契約DXが実現できるため、多くの企業様に継続してご利用いただいております。,"法務・コンプライアンス EXPO, 契約書管理システム",,,
HelloBoss（株式会社NGA）,第３世代のAI採用サービス『HelloBoss』を運営しております。人材紹介や従来型の求人広告サービスと比較し、人を介さずによりスムーズに利用することが可能です。人が必要だった作業をAIが代行することにより、今までにない採用コストを実現できます。また、求人にマッチする求職者をAIでレコメンドしてくれるため、ミスマッチが起こりづらくなっていることも特徴の一つです。人材の定着率や採用時の母集団形成に課題を感じている企業様のお力になることができると確信しております。リリース1年未満で1000社以上のクライアント様に導入いただき、今年度は日本の人事部「ＨＲアワード2024」入賞および「第9回 HRテクノロジー大賞」にて注目スタートアップ賞をいただくなど高い評価をいただいております。,"HR EXPO （人事労務・教育・採用）, HRテクノロジー, 採用管理システム, 採用ツール作成, 採用代行・コンサルティング, その他 採用サービス",,,
HRMOSシリーズ（株式会社 ビズリーチ）,企業が競争力を高めるためには、優秀な人材を採用できる力をつける必要があります。そこで弊社では、｢ビズリーチ｣において、これまで人材紹介会社のみに公開していた即戦力人材データベースを企業にも公開。また、採用活動の効率化や入社後の活躍など、さまざまな側面から企業の人事機能強化を促す｢HRMOS｣シリーズによって、幅広いご支援が可能になっています。貴社におかれましても、弊社が提供するサービスがお役に立つことができましたら幸いです。,"HR EXPO （人事労務・教育・採用）, 人事管理システム, 勤怠管理システム, 給与計算システム, 人事評価システム, 労務管理システム, HRテクノロジー, エンゲージメントツール, 採用管理システム, オンボーディングツール, 従業員エンゲージメント向上, 従業員意識調査, コミュニケーションツール, 離職防止, 経費精算システム",,,
バヅクリ 株式会社,バヅクリは人材育成/組織開発の戦略策定から施策実行、効果測定まで一貫してエンゲージメント向上を支援するサービスです。,"HR EXPO （人事労務・教育・採用）, エンゲージメントツール, 社員研修サービス, リスキリング支援, 職種別研修, 階層別研修, デジタル人材育成, 人材育成コンサルティング, チームビルディング支援, コーチング, 従業員エンゲージメント向上, 従業員意識調査, コミュニケーションツール, 離職防止, 従業員エンゲージメント",,,
株式会社VARIETAS,企業の生産性に最も重要な“採用”という機能には課題が山積しています。“人が人を見極める”ことで起きる様々な問題を、“人とAIで見極める”ことによって解決する。私たちは、書類選考から一次面接を新しい仕組みと技術で代替し、社会の生産性を高めていきます。その一つが『AI面接官』です。 トレーニングされたAI面接官による書類選考・一次面接で、一般的に採用で見るべきとされる項目を多角的に評価します。ESをもとに面接を行い、応募を効率的かつ公正に評価し、各社の条件を満たす候補者をポテンシャルの見逃しなく、確認することが可能です。 また面接業務のサポートに止まらず、アトラクトや人材要件策定の支援も。詳しくはブースにてご確認ください。,"HR EXPO （人事労務・教育・採用）, AI・RPA（業務自動化）ツール, HRテクノロジー, ピープルアナリティクス, 採用管理システム, 採用代行・コンサルティング",,,
ビズメイツ 株式会社,"ビジネス特化型のオンライン英会話「Bizmates」は、累計1,300社以上の企業様にご導入いただいております。ビジネス経験を保有した一流のトレーナーのみを採用しており、職歴・業種に合わせてトレーナーをご選択いただけます。ビジネス経験者から学ぶことで、実践的なロールプレイが可能です。 マンツーマンレッスンの他に、初心者でも習慣化につなげやすい「Bizmates Coaching」、効果測定が図れる「Bizmates TEST」、実践型グループ研修や、講師派遣、フィリピンで行う海外研修など、課題・目的に合わせた研修を提案から導入後までサポートさせていただきます。 また、外国籍社員が日本で活躍するための効果的なコミュニケーションスキル獲得を支援する「Zipan」も提供しております。単なる日本語学習ではなく、日本で働く上で必要な文化理解やマインドセットを身に着けるためのプログラムになっています。上級者レベルでは「問題解決」「意思決定」等の実践力を高めるためのロールプレイやディスカッションを通じて、ビジネスコミュニケーションスキルをさらに高めることができます。","HR EXPO （人事労務・教育・採用）, 社員研修サービス, リスキリング支援, グローバル人材育成・採用, その他 福利厚生サービス",,,
株式会社ビズリーチ（ハーモス）,ハーモスシリーズは、 株式会社ビズリーチが人材領域で培った豊富なノウハウを元に各サービスを開発・提供。 採用から活躍、人事・労務の業務効率化までを支援します。,"HR EXPO （人事労務・教育・採用）, 会計・財務 EXPO, 勤怠管理システム, 経費精算システム",,,
株式会社 ビズリーチ,能動的な採用活動を実践するためのビズリーチ独自の採用システムです。 データベースを見て、欲しい人材に直接アプローチできます。,HR EXPO （人事労務・教育・採用）,,,
株式会社 FiveVai（ファイブベイ）,株式会社ファイブベイ（FiveVai）は、人財開発とデジタルトランスフォーメーション（DX）事業を柱に、企業の課題解決や価値創造に向けたソリューションを提供する企業です。人財開発事業部では、研修や社員教育、組織風土開発、経営コンサルティングなどを通じ、特に次世代リーダーの育成に注力しており、その成果は高い評価を得ています。 DX事業では、Web制作、システム開発、DXコンサルティングやアドバイザリーなどのサービスを提供し、デジタル技術を活用した業務効率化やプロセス自動化、セキュリティ強化を支援。さらに、AIやデータサイエンスなどの先端技術のビジネス現場への適用を推進し、企業の競争力強化に貢献しています。産学連携支援やアドバイザリー業務を通じて、企業と教育機関の協力体制の構築にも取り組んでいます。 本社は東京都渋谷区千駄ヶ谷に位置し、多様なサービスで顧客のビジネス変革をサポートしています。,"HR EXPO （人事労務・教育・採用）, 階層別研修, 人材育成コンサルティング, チームビルディング支援, 従業員エンゲージメント向上",https://five-vai.com/,mailto:hr@five-vai.com,tel:050-1791-5330（代表）
ファインディ株式会社,"IT/Webエンジニアの採用サービス「Findy」及び「Findy Freelance」を提供。ITエンジニアと企業のマッチングサービスの累計会員登録数は20万人、登録企業数は2,300社を突破。特にハイスキルエンジニアの正社員採用・業務委託の紹介が特徴で、多くの企業様の事業推進やDX推進の文脈でご利用いただいております。 また、エンジニア組織支援SaaS「Findy Team+（チームプラス）」を提供しており、国内外のスタートアップ企業から大企業まで約350社(トライアルを含む)にご利用いただいております。",HR EXPO （人事労務・教育・採用）,https://findy-code.io/enterprise-service/,mailto:fc-marketing@findy.co.jp,tel:03-6417-0199
株式会社 フィールドキャスター,,HR EXPO （人事労務・教育・採用）,,,
株式会社 フォロアス,【『いっと』とは？】 企業の退職者面談を代行、退職者のホンネ調査から対策の立案までを一貫して行うサービスです。 【なぜ今、「退職者面談」が注目されているのか】 ■“退職に繋がる要因”は退職者に聞くしかない！■ このことに気付いた企業が年々増え、「退職面談」のキーワード検索数は3年前比で330％UP。 退職者のホンネを聴くことは「精度の高いフィードバックをもらうこと」なのです。 【『いっと』だからホンネがわかる！3つの理由】 ■POINT①＿第三者だから聞ける■ 会社に伝える退職理由のうち、70.4％が実はタテマエです。 『いっと』は、月間200名以上面談する経験豊富なインタビュアー達が、第三者の立場で退職者と面談。心理安全性を保ってホンネを引き出します。 ■POINT②＿プロのスキルがある■ 適切な設問と技術で、退職者自身が「気付けない」「認めたくない」本質的な原因まで探ります。 『いっと』が導き出した退職理由は実に654通り！ ■POINT➂＿レポートの質が高い■ 退職の発生要因を心理学的見地で可視化します。 5段階評価やグラフによって退職者心理を見られるだけでなく、対策レポートも充実しており、貴社独自の対策をすぐに実行できます。,"働き方改革 EXPO, HR EXPO （人事労務・教育・採用）, 健康経営 EXPO, その他 DX・働き方改革関連サービス, 人事管理システム, エンゲージメントツール, 社員研修サービス, コーチング, その他 教育・人材育成サービス, 従業員エンゲージメント向上, 従業員意識調査, 離職防止, 従業員エンゲージメント, その他ITサービス",,,
株式会社 フライヤー,"2013年に個人向けサービスとしてスタートしましたが、忙しいビジネスパーソンにスキマ時間で学習してもらうために、2019年から法人版を提供しております。 2023年に法人版はflier business（フライヤービジネス）へ生まれ変わり人材育成のさらなる進化を推進しています。 「学び直し」「人的資本」など社会的なトレンドの後押しもあり、累計導入企業数は1,000社を超え、2019年以降、毎年1.6倍以上で進捗しています。 flier business（フライヤービジネス）の特徴は、3,600冊を超える全ての本が読める個人版（ゴールドプラン）と同様の機能に加えて、社内SNS的に本の感想をシェアできる機能、各企業様ごとにオリジナルで要約リストを作成できる機能、管理画面から利用者の閲覧状況データ生成などが利用できるように。 これにより、社内の学び文化を醸成することや、社員同士が刺激し合える環境を作ることができます。 また、基本的には個人会員月額2,200円よりも一人当たりが安く利用できるようになるため、経済的なメリットもあります。 スキマ時間での学習促進や、様々な本に触れてもらい興味関心を育てられるのがflierの良さです。 主体的に社員が学ぶきっかけ作りを、flierで一緒に取り組みませんか？","HR EXPO （人事労務・教育・採用）, その他 DX・働き方改革関連サービス, 社員研修サービス, リスキリング支援, 職種別研修, 階層別研修",,,
メンターズ（by Wistant）,株式会社フルートは、人が多様な価値を発揮できる、新しい「はたらく」のスタンダードを作ることに挑んでいます。1on1や目標管理、評価をオールインワンで実現するピープルマネジメントツール「Wistant（ウィスタント）」と、プロが伴走する1on1の質向上支援サービス「メンターズ」をご提供しております。「メンターズ」は、社外メンターの活用により、管理職を起点に社内の1on1の質を短期間に向上させる実績を持つサービスです。管理職のコミュニケーションスキルの向上だけでなく、社内の共通する課題も明確になるため、早急な対処や施策立案ができ、組織全体のエンゲージメント向上が実現します。,"HR EXPO （人事労務・教育・採用）, 社員研修サービス, コーチング, 従業員エンゲージメント向上, 離職防止, 従業員エンゲージメント",,,
株式会社 BoostDraft,,"法務・コンプライアンス EXPO, 契約書作成・確認サービス",,,
株式会社 プラスアルファ・コンサルティング,1. マーケティングソリューション事業 ・顧客体験フィードバックシステム「見える化エンジン」開発・運営 ・FAQソリューション「アルファスコープ」開発・運営 2. CRMソリューション事業 ・CRM／MAシステム「カスタマーリングス」開発・運営 3. HRプラットフォーム事業 ・タレントマネジメントシステム「タレントパレット」開発・運営,"HR EXPO （人事労務・教育・採用）, 人事管理システム, 人事評価システム, エンゲージメントツール, リスキリング支援, 採用管理システム",,,
ベネッセグループ,一人ひとりの「よく生きる」の実現に向けて、生涯にわたって向上意欲と課題解決を支援し続けることが、ベネッセグループの理念であり、事業活動の根幹です。 ベネッセの社会人教育では「学び」を起点としながらも、個人や組織の可能性を引き出し、それを生かせる社会づくりを目指しています。大人が可能性と生きていく社会の実現へ向けて、より広い学びの機会を提供し、身につけたスキルを生かせる仕組みづくりに取り組んでいます。 大人が可能性と生きていく社会へ。 ベネッセグループは、社会人領域の幅広い課題に対し、最適なソリューションサービスをご提案いたします。,"HR EXPO （人事労務・教育・採用）, 社員研修サービス, リスキリング支援, 職種別研修, 階層別研修, デジタル人材育成, グローバル人材育成・採用, コーチング, 採用管理システム, ハイクラス人材採用, 採用代行・コンサルティング, その他 採用サービス, 従業員エンゲージメント向上",,,
クラウドサイン／弁護士ドットコム 株式会社,弁護士ドットコムの開発・運営、弁護士ドットコムニュースの運営、税理士ドットコムの開発・運営、クラウドサインの開発・提供、BUSINESS LAWYERSの運営、弁護士ドットコムキャリアの運営,"法務・コンプライアンス EXPO, 電子契約サービス",,,
株式会社 アレスグッド,z世代版新卒採用プラットフォーム,HR EXPO （人事労務・教育・採用）,,,
防衛省 陸上自衛隊,自衛官は国防という任務の特性から、自衛隊の精強性を保持するため、他省庁公務員には類のない若年定年制度下（一部任期制「自衛隊新卒」）にあります。退職自衛官は、職務遂行と教育訓練によって培われた、優れた企画力・指導力・実行力・協調性・責任感などのほか、職務や職業訓練などにより取得した各種資格・免許も保有しており、このような人材は、地方公共団体の防災や危機管理の分野をはじめ、金融・保険・不動産業や建設業のほか、製造業、サービス業などの幅広い分野で活躍しています。そのため、防衛省自衛隊として積極的に再就職支援等を実施し、退職予定者の生活基盤の確保（雇用確保）に努めるべく、我々、人事部援護業務課は防衛大臣より就職援護隊員として指定された要員をもって、退職自衛官の再就職援護にかかる就職援助を執り行っております。,"HR EXPO （人事労務・教育・採用）, その他 採用サービス",,,
株式会社 ボンドクリエイティブ,・企業や商品のブランディングおよびデザイン 　会社に合う人材確保、売れる商品作りのために、ブランディングで価値を可視化します。 ・ブランディングの価値を浸透する社内研修 　ブランディングを社内で共有することで、強い企業、商品作りが可能になります。 周年事業や海外進出など事業の節目に合わせた企業や商品ブランディングをご提供します。プロジェクトの内容や予算に合うチームをご提案します。（国内外の提携チームも含めた専門家チームなど）,"PR EXPO, 広報業務支援サービス, 社内広報支援サービス",,,
株式会社 マジオネット,従業員の交通事故を減らしたいと考える法人様に対し、様々な安全運転研修プランをご案内させていただいております。弊社直営の自動車教習所7校を始め、全国で約170の提携教習所で実車研修を行うお手伝いをさせていただきます。 また、従来は検査員が立ち合いのもとで行われていた運転適性検査を、任意の時間や場所でスマートフォンやタブレットで行える「WEB運転適性検査」の販売を始めました。検査終了後にリアルタイムでその結果を確認することが可能です。従来の運転適性検査にはない「認知能力診断」も採用しています。 その他、交通事故防止に関する様々なご相談に対応させていただきます。,"HR EXPO （人事労務・教育・採用）, HRテクノロジー",,,
株式会社 MS-Japan,管理部門領域のサービス掲載サイト「Manegy toB」 マネジーtoBは、経営管理領域のあらゆるサービスを網羅する国内最大級のサービス掲載サイトです。 業務で発生する様々な課題を解決したい管理部門や士業の方々に役立つ情報を提供いたします。 課題解決に必要なサービスや、 サービスを選ぶために必要なノウハウやヒントを多数掲載しています。,HR EXPO （人事労務・教育・採用）,,,
株式会社 manebi,"株式会社manebiは、「人生開発を当たり前の世の中に」をビジョンに掲げ、人材開発プラットフォーム「manebi」を提供しています。 「manebi eラーニング」をはじめ、eラーニングで培ったノウハウをもとにした「manebi 集合研修」、マニュアルの動画化や教育資料などを作成する「manebi 現場ナレッジ」、教育や人事戦略設計などのコンサルティングを提供する「manebi ハンズオン」などトータルで企業教育をサポートします。 eラーニングにおいては、⼤企業から中小・ベンチャー企業まで幅広い規模や業種の累計3,500社以上の皆さまにご利用いただき「eラーニングシステム 総合満足度No.1」を獲得しました。 eラーニングにてコンプライアンス教育や社内ナレッジ共有など包括的な教育をカンタンに実施・管理いただけるだけでなく、実践的で効果を出すことにフォーカスした集合研修にて管理職研修やリーダー研修などを実施・測定いただけます。","HR EXPO （人事労務・教育・採用）, HRテクノロジー, 社員研修サービス, 職種別研修, 階層別研修, その他 教育・人材育成サービス",,,
株式会社 マネーフォワード,"法人・個人事業者向けに、バックオフィス作業の自動化・効率化を実現するクラウドサービスを提供しています。 国内でのサービス提供社は30万社以上、2,700を超えるサービスとの連携によって、お客さまのビジネスの成長を支援します。","法務・コンプライアンス EXPO, 社内申請・ワークフロー, 電子契約サービス, 契約書作成・確認サービス, 契約書管理システム",,,
